<?xml version="1.0" encoding="UTF-8"?>
<project-private xmlns="http://www.netbeans.org/ns/project-private/1">
    <editor-bookmarks xmlns="http://www.netbeans.org/ns/editor-bookmarks/2" lastBookmarkId="0"/>
    <open-files xmlns="http://www.netbeans.org/ns/projectui-open-files/2">
        <group>
            <file>file:/C:/Users/sermet.onel/Documents/NetBeansProjects/lecture1/src/lecture1/Lecture1.java</file>
            <file>file:/C:/Users/sermet.onel/Documents/NetBeansProjects/lecture1/src/lecture1/Instructor.java</file>
            <file>file:/C:/Users/sermet.onel/Documents/NetBeansProjects/lecture1/src/lecture1/Grade.java</file>
            <file>file:/C:/Users/sermet.onel/Documents/NetBeansProjects/lecture1/src/lecture1/Course.java</file>
            <file>file:/C:/Users/sermet.onel/Documents/NetBeansProjects/lecture1/src/lecture1/Student.java</file>
        </group>
    </open-files>
</project-private>
